,Liczba,Średnia,Odch.std,Min,25%,Mediana,75%,Max
ogółem_2020,16.0,1399.0,826.95,417.0,786.25,1038.0,2133.0,2880.0
ogółem_2021,16.0,1365.06,796.45,418.0,759.25,1027.5,2130.25,2988.0
ogółem_2022,16.0,1279.75,785.08,321.0,705.75,920.0,1968.5,2811.0
ogółem_2023,16.0,1254.06,764.26,329.0,676.25,951.5,1870.75,2723.0
ogółem_2024,16.0,1287.94,810.81,338.0,681.75,899.0,1892.25,2770.0
wina kierujących pojazdami - ogółem_2020,16.0,1312.44,776.69,393.0,739.5,972.0,1989.5,2695.0
wina kierujących pojazdami - ogółem_2021,16.0,1288.94,749.46,400.0,713.25,974.0,1980.75,2828.0
wina kierujących pojazdami - ogółem_2022,16.0,1211.94,743.72,310.0,670.0,868.0,1856.75,2664.0
wina kierujących pojazdami - ogółem_2023,16.0,1191.12,727.05,314.0,649.25,892.0,1764.0,2595.0
wina kierujących pojazdami - ogółem_2024,16.0,1227.25,769.01,325.0,647.75,859.5,1791.0,2628.0
wina kierujących pojazdami - niedostosowanie prędkości do warunków ruchu_2020,16.0,344.75,186.9,89.0,205.75,320.5,481.25,705.0
wina kierujących pojazdami - niedostosowanie prędkości do warunków ruchu_2021,16.0,328.38,182.59,95.0,186.0,314.0,466.25,717.0
wina kierujących pojazdami - niedostosowanie prędkości do warunków ruchu_2022,16.0,279.56,164.53,79.0,152.5,258.0,382.5,613.0
wina kierujących pojazdami - niedostosowanie prędkości do warunków ruchu_2023,16.0,263.5,165.28,68.0,128.75,210.5,382.0,608.0
wina kierujących pojazdami - niedostosowanie prędkości do warunków ruchu_2024,16.0,266.81,171.87,72.0,137.0,199.0,395.75,587.0
wina kierujących pojazdami - nieprzestrzeganie pierwszeństwa przejazdu_2020,16.0,356.75,244.97,102.0,175.25,257.5,478.25,820.0
wina kierujących pojazdami - nieprzestrzeganie pierwszeństwa przejazdu_2021,16.0,347.88,216.94,108.0,170.25,265.0,487.75,765.0
wina kierujących pojazdami - nieprzestrzeganie pierwszeństwa przejazdu_2022,16.0,283.12,186.66,65.0,132.75,200.0,431.5,607.0
wina kierujących pojazdami - nieprzestrzeganie pierwszeństwa przejazdu_2023,16.0,286.0,178.92,66.0,136.25,244.0,411.25,634.0
wina kierujących pojazdami - nieprzestrzeganie pierwszeństwa przejazdu_2024,16.0,323.06,205.11,94.0,160.75,226.5,492.75,706.0
wina kierujących pojazdami - nieprawidłowe wyprzedzanie_2020,16.0,64.75,42.06,17.0,35.25,52.5,81.5,162.0
wina kierujących pojazdami - nieprawidłowe wyprzedzanie_2021,16.0,63.25,31.2,25.0,38.75,56.5,81.75,134.0
wina kierujących pojazdami - nieprawidłowe wyprzedzanie_2022,16.0,57.81,38.94,18.0,35.0,47.0,67.0,168.0
wina kierujących pojazdami - nieprawidłowe wyprzedzanie_2023,16.0,57.31,33.68,21.0,32.25,52.5,68.5,155.0
wina kierujących pojazdami - nieprawidłowe wyprzedzanie_2024,16.0,58.62,36.93,21.0,31.0,42.5,77.5,154.0
wina kierujących pojazdami - nieprawidłowe zachowanie wobec pieszych_2020,16.0,176.06,110.53,51.0,85.5,133.5,281.25,372.0
wina kierujących pojazdami - nieprawidłowe zachowanie wobec pieszych_2021,16.0,165.5,97.63,47.0,90.25,124.5,258.0,345.0
wina kierujących pojazdami - nieprawidłowe zachowanie wobec pieszych_2022,16.0,177.19,116.27,49.0,87.25,120.0,278.75,394.0
wina kierujących pojazdami - nieprawidłowe zachowanie wobec pieszych_2023,16.0,192.75,123.4,54.0,95.25,129.5,308.0,416.0
wina kierujących pojazdami - nieprawidłowe zachowanie wobec pieszych_2024,16.0,180.38,116.6,37.0,98.5,122.5,303.75,361.0
wina kierujących pojazdami - niezachowanie bezpiecznej odległości między pojazdami_2020,16.0,95.94,57.78,20.0,53.75,79.0,123.25,216.0
wina kierujących pojazdami - niezachowanie bezpiecznej odległości między pojazdami_2021,16.0,100.44,65.5,20.0,43.75,82.5,143.5,215.0
wina kierujących pojazdami - niezachowanie bezpiecznej odległości między pojazdami_2022,16.0,103.94,67.38,22.0,42.5,91.0,166.0,218.0
wina kierujących pojazdami - niezachowanie bezpiecznej odległości między pojazdami_2023,16.0,96.12,65.8,9.0,42.5,77.5,149.75,203.0
wina kierujących pojazdami - niezachowanie bezpiecznej odległości między pojazdami_2024,16.0,94.06,66.78,14.0,44.75,79.0,133.75,257.0
wina kierujących pojazdami - pozostałe_2020,16.0,274.19,164.84,81.0,143.75,193.0,456.0,543.0
wina kierujących pojazdami - pozostałe_2021,16.0,283.5,178.84,85.0,148.25,196.0,446.5,669.0
wina kierujących pojazdami - pozostałe_2022,16.0,310.31,196.05,77.0,149.75,218.5,479.5,705.0
wina kierujących pojazdami - pozostałe_2023,16.0,295.44,187.03,73.0,146.0,228.5,462.25,610.0
wina kierujących pojazdami - pozostałe_2024,16.0,304.31,203.04,73.0,138.0,222.0,454.5,684.0
wina pieszych - ogółem_2020,16.0,86.56,53.07,15.0,48.75,76.0,128.25,185.0
wina pieszych - ogółem_2021,16.0,76.12,49.74,16.0,40.5,64.5,112.75,162.0
wina pieszych - ogółem_2022,16.0,67.81,42.58,11.0,37.25,54.0,107.25,147.0
wina pieszych - ogółem_2023,16.0,62.94,40.05,11.0,33.25,57.0,89.25,130.0
wina pieszych - ogółem_2024,16.0,60.69,42.68,12.0,29.75,41.0,95.75,142.0
wina pieszych - nieostrożne wejście na jezdnię_2020,16.0,51.88,31.78,8.0,27.75,48.0,72.0,116.0
wina pieszych - nieostrożne wejście na jezdnię_2021,16.0,47.44,30.63,9.0,26.5,41.5,65.75,110.0
wina pieszych - nieostrożne wejście na jezdnię_2022,16.0,42.38,25.05,5.0,25.25,39.5,59.25,83.0
wina pieszych - nieostrożne wejście na jezdnię_2023,16.0,38.88,25.44,6.0,19.5,37.0,50.5,85.0
wina pieszych - nieostrożne wejście na jezdnię_2024,16.0,34.88,22.42,8.0,17.75,27.0,51.0,74.0
wina pieszych - pozostałe_2020,16.0,34.69,23.42,7.0,17.0,26.0,51.0,83.0
wina pieszych - pozostałe_2021,16.0,28.69,20.52,4.0,12.5,22.0,43.25,74.0
wina pieszych - pozostałe_2022,16.0,25.44,18.86,6.0,10.5,16.0,40.25,64.0
wina pieszych - pozostałe_2023,16.0,24.06,15.58,3.0,13.75,18.5,38.0,52.0
wina pieszych - pozostałe_2024,16.0,25.81,21.36,4.0,9.75,16.0,41.75,68.0
